{"acc": [0.1362273246049881, 0.23861202597618103, 0.3254319429397583, 0.3758389353752136, 0.4169641435146332, 0.49150365591049194, 0.5676138997077942, 0.658432126045227, 0.750821053981781, 0.8207910656929016], "val_acc": [0.1743333339691162, 0.27566665410995483, 0.3166666626930237, 0.33500000834465027, 0.3400000035762787, 0.3449999988079071, 0.3383333384990692, 0.3569999933242798, 0.34833332896232605, 0.35766667127609253], "loss": [2.450101852416992, 2.211398124694824, 2.0245702266693115, 1.868648886680603, 1.7205798625946045, 1.525529146194458, 1.2790873050689697, 1.012265682220459, 0.749746561050415, 0.5382925271987915], "val_loss": [2.3675436973571777, 2.111189126968384, 2.0167176723480225, 1.9842040538787842, 2.0292727947235107, 2.0398151874542236, 2.5836923122406006, 2.799166440963745, 3.382063388824463, 3.695026159286499], "epochs": 10}