{"acc": [0.7549019455909729, 0.8535293936729431, 0.8774510025978088, 0.8978431224822998, 0.9108823537826538, 0.920098066329956, 0.934509813785553, 0.9429411888122559, 0.9541176557540894, 0.9525490403175354], "val_acc": [0.8397619128227234, 0.8616666793823242, 0.8680952191352844, 0.8726190328598022, 0.8795238137245178, 0.8790476322174072, 0.8819047808647156, 0.8816666603088379, 0.8826190233230591, 0.8849999904632568], "loss": [0.671665608882904, 0.40630197525024414, 0.3393098711967468, 0.2808307409286499, 0.24408401548862457, 0.2193922996520996, 0.18476799130439758, 0.15844887495040894, 0.12991619110107422, 0.12954095005989075], "val_loss": [0.4574600160121918, 0.3608590364456177, 0.35739782452583313, 0.36986228823661804, 0.3488246500492096, 0.36198949813842773, 0.38678815960884094, 0.47110262513160706, 0.48765408992767334, 0.4313354194164276], "epochs": 10}