{"acc": [0.11680708080530167, 0.19548764824867249, 0.26602885127067566, 0.3218620717525482, 0.3881193697452545, 0.46451520919799805, 0.5686134696006775, 0.6802798509597778, 0.7695273160934448, 0.8402113318443298, 0.8632014989852905, 0.886620044708252, 0.917892336845398, 0.9254605174064636, 0.9355990290641785, 0.9414536356925964, 0.9444524049758911, 0.951877772808075, 0.9588747620582581, 0.9610167145729065, 0.9641582369804382, 0.9604455232620239, 0.9668713212013245, 0.9663001298904419, 0.9663001298904419], "val_acc": [0.17000000178813934, 0.24433332681655884, 0.28733333945274353, 0.29733332991600037, 0.3109999895095825, 0.3153333365917206, 0.3153333365917206, 0.3153333365917206, 0.33633333444595337, 0.3386666774749756, 0.32100000977516174, 0.320333331823349, 0.3240000009536743, 0.3283333480358124, 0.3176666796207428, 0.32499998807907104, 0.3316666781902313, 0.32366666197776794, 0.3266666531562805, 0.3230000138282776, 0.3179999887943268, 0.3240000009536743, 0.3233333230018616, 0.3256666660308838, 0.33633333444595337], "loss": [2.498469591140747, 2.3028147220611572, 2.121399164199829, 1.9837483167648315, 1.7985621690750122, 1.5710569620132446, 1.269818663597107, 0.9541799426078796, 0.6926082372665405, 0.47972187399864197, 0.4365973174571991, 0.359555721282959, 0.2642114460468292, 0.25529253482818604, 0.21679294109344482, 0.19765925407409668, 0.19717693328857422, 0.17099815607070923, 0.14337272942066193, 0.138307586312294, 0.1259194165468216, 0.14480291306972504, 0.11200575530529022, 0.12434227764606476, 0.11395415663719177], "val_loss": [2.3697075843811035, 2.198920965194702, 2.1270830631256104, 2.077252149581909, 2.0638670921325684, 2.188685655593872, 2.5447752475738525, 3.198085069656372, 3.303368091583252, 4.231420516967773, 4.989501476287842, 4.467574596405029, 5.176435947418213, 4.825052261352539, 5.412729263305664, 5.357787609100342, 5.422141075134277, 5.67714786529541, 6.028348922729492, 5.507231712341309, 5.795485496520996, 6.098006725311279, 6.4630889892578125, 6.0763678550720215, 5.7462663650512695], "epochs": 25}