{"acc": [0.3897142708301544, 0.5566285848617554, 0.644599974155426, 0.7000285983085632, 0.7545714378356934, 0.7975428700447083, 0.8364285826683044, 0.8627714514732361, 0.8842285871505737, 0.8965428471565247, 0.9162571430206299, 0.9189428687095642, 0.9213714003562927, 0.9322571158409119, 0.9363714456558228], "val_acc": [0.5005333423614502, 0.5833333134651184, 0.6335333585739136, 0.6358000040054321, 0.6405333280563354, 0.650866687297821, 0.6503333449363708, 0.6398666501045227, 0.6462666392326355, 0.6548666954040527, 0.6438666582107544, 0.6525333523750305, 0.6424000263214111, 0.6503333449363708, 0.6509333252906799], "loss": [1.630079746246338, 1.2271631956100464, 1.0057704448699951, 0.8466582298278809, 0.695072591304779, 0.5771427154541016, 0.46795085072517395, 0.39558783173561096, 0.3386458456516266, 0.30637773871421814, 0.2500716745853424, 0.24745702743530273, 0.23876236379146576, 0.2072623074054718, 0.19884830713272095], "val_loss": [1.3816745281219482, 1.1785857677459717, 1.064401626586914, 1.1135172843933105, 1.1530052423477173, 1.2422438859939575, 1.3048144578933716, 1.5252048969268799, 1.6782808303833008, 1.7602932453155518, 1.7877590656280518, 1.7466813325881958, 1.8850723505020142, 1.9301737546920776, 1.9576005935668945], "epochs": 15}