{"acc": [0.39899998903274536, 0.5596399903297424, 0.6379600167274475, 0.6918399930000305, 0.735480010509491, 0.7719200253486633, 0.8083000183105469, 0.834879994392395, 0.8560199737548828, 0.8752800226211548, 0.8844599723815918, 0.8969600200653076, 0.9050400257110596, 0.9112200140953064, 0.9144600033760071], "val_acc": [0.5112000107765198, 0.589900016784668, 0.6344000101089478, 0.6527000069618225, 0.6481000185012817, 0.642300009727478, 0.6510000228881836, 0.6503999829292297, 0.6535999774932861, 0.6567999720573425, 0.6535000205039978, 0.6474000215530396, 0.6556000113487244, 0.6510999798774719, 0.6579999923706055], "loss": [1.6149075031280518, 1.2237725257873535, 1.0218647718429565, 0.8775495886802673, 0.7503132820129395, 0.6408517360687256, 0.5474067330360413, 0.4689682722091675, 0.415180504322052, 0.36376869678497314, 0.3408374488353729, 0.305826872587204, 0.28141453862190247, 0.27000805735588074, 0.2556663453578949], "val_loss": [1.3509702682495117, 1.1414235830307007, 1.0399727821350098, 1.038161277770996, 1.1245301961898804, 1.1795686483383179, 1.3320966958999634, 1.4202877283096313, 1.4591038227081299, 1.4557275772094727, 1.5706032514572144, 1.5452505350112915, 1.7121062278747559, 1.9141021966934204, 1.7525675296783447], "epochs": 15}