{"acc": [0.10342857241630554, 0.15628571808338165, 0.1931428611278534, 0.23114286363124847, 0.28942856192588806, 0.32685714960098267, 0.3928571343421936, 0.46457141637802124, 0.5434285998344421, 0.6679999828338623], "val_acc": [0.1393333375453949, 0.17133332788944244, 0.18400000035762787, 0.22333332896232605, 0.2540000081062317, 0.2926666736602783, 0.2966666519641876, 0.28999999165534973, 0.2926666736602783, 0.2919999957084656], "loss": [2.5351645946502686, 2.4564247131347656, 2.3406574726104736, 2.2315480709075928, 2.117166042327881, 1.994287133216858, 1.8184094429016113, 1.6178860664367676, 1.3483318090438843, 1.004317045211792], "val_loss": [2.4914815425872803, 2.409687042236328, 2.339914083480835, 2.2548224925994873, 2.180828809738159, 2.1224305629730225, 2.139838933944702, 2.2526097297668457, 2.3922557830810547, 2.59708309173584], "epochs": 10}