{"acc": [0.2586584687232971, 0.41773277521133423, 0.48931780457496643, 0.5646804571151733, 0.6487413048744202, 0.7309926748275757, 0.7891178131103516, 0.8381003737449646, 0.8624488115310669, 0.883813202381134, 0.8963842391967773, 0.8994635343551636, 0.9142249226570129, 0.9227643609046936, 0.9248277544975281], "val_acc": [0.3688148260116577, 0.44237038493156433, 0.4658518433570862, 0.47074073553085327, 0.4731111228466034, 0.4700740873813629, 0.4637777805328369, 0.4696296155452728, 0.4627407491207123, 0.46251851320266724, 0.46311110258102417, 0.4605925977230072, 0.4579259157180786, 0.4775555431842804, 0.4642222225666046], "loss": [2.16878342628479, 1.7316075563430786, 1.5016810894012451, 1.2789604663848877, 1.0345605611801147, 0.7885233163833618, 0.6161029934883118, 0.4794214069843292, 0.4070834815502167, 0.34800729155540466, 0.3154948651790619, 0.3046514391899109, 0.26765748858451843, 0.2448798567056656, 0.2361501008272171], "val_loss": [1.8533008098602295, 1.6504164934158325, 1.5936580896377563, 1.6392486095428467, 1.774362564086914, 2.008023738861084, 2.3087234497070312, 2.5322065353393555, 2.9640307426452637, 2.971182346343994, 3.107239007949829, 3.4118313789367676, 3.5351483821868896, 3.4855926036834717, 3.6980984210968018], "epochs": 15}